Designator,Mid X,Mid Y,Rotation,Layer
_6,437.642,-201.2442,0.0,top
_5,153.0096,-233.7308,0.0,top
_4,462.5086,-252.5014,0.0,top
_3,254.7112,-249.2502,0.0,top
_2,310.3118,-248.158,0.0,top
,153.0858,-159.2326,0.0,top
C1,154.4905,-152.4775,270.0,bottom
C10,340.228,-152.4775,270.0,bottom
C11,359.278,-152.4775,270.0,bottom
C12,378.328,-152.4775,270.0,bottom
C13,397.378,-152.4775,270.0,bottom
C14,421.1905,-152.4775,270.0,bottom
C15,154.4905,-176.29,270.0,bottom
C16,173.5405,-176.29,270.0,bottom
C17,192.5905,-176.29,270.0,bottom
C18,211.6405,-176.29,270.0,bottom
C19,230.6905,-176.29,270.0,bottom
C2,178.303,-152.4775,270.0,bottom
C20,249.7405,-176.29,270.0,bottom
C21,268.7905,-176.29,270.0,bottom
C22,287.8405,-176.29,270.0,bottom
C23,306.8905,-176.29,270.0,bottom
C24,325.9405,-176.29,270.0,bottom
C25,344.9905,-176.29,270.0,bottom
C26,364.0405,-176.29,270.0,bottom
C27,383.0905,-176.29,270.0,bottom
C28,411.6655,-176.29,270.0,bottom
C29,449.7655,-176.29,270.0,bottom
C3,197.353,-152.4775,270.0,bottom
C30,159.253,-195.34,270.0,bottom
C31,183.0655,-195.34,270.0,bottom
C32,202.1155,-195.34,270.0,bottom
C33,221.1655,-195.34,270.0,bottom
C34,240.2155,-195.34,270.0,bottom
C35,259.2655,-195.34,270.0,bottom
C36,278.3155,-195.34,270.0,bottom
C37,297.3655,-195.34,270.0,bottom
C38,316.4155,-195.34,270.0,bottom
C39,335.4655,-195.34,270.0,bottom
C4,216.403,-152.4775,270.0,bottom
C40,354.5155,-195.34,270.0,bottom
C41,373.5655,-195.34,270.0,bottom
C42,392.6155,-195.34,270.0,bottom
C43,416.428,-195.34,270.0,bottom
C44,449.7655,-195.34,270.0,bottom
C45,161.63425,-214.39,270.0,bottom
C46,187.828,-214.39,270.0,bottom
C47,206.878,-214.39,270.0,bottom
C48,225.928,-214.39,270.0,bottom
C49,244.978,-214.39,270.0,bottom
C5,235.453,-152.4775,270.0,bottom
C50,264.028,-214.39,270.0,bottom
C51,283.078,-214.39,270.0,bottom
C52,302.128,-214.39,270.0,bottom
C53,321.178,-214.39,270.0,bottom
C54,340.228,-214.39,270.0,bottom
C55,359.278,-214.39,270.0,bottom
C56,378.328,-214.39,270.0,bottom
C57,409.28425,-214.39,270.0,bottom
C58,166.39675,-233.44,270.0,bottom
C59,197.353,-233.44,270.0,bottom
C6,259.2655,-152.4775,270.0,bottom
C60,216.403,-233.44,270.0,bottom
C61,235.453,-233.44,270.0,bottom
C62,254.503,-233.44,270.0,bottom
C63,273.553,-233.44,270.0,bottom
C64,292.603,-233.44,270.0,bottom
C65,311.653,-233.44,270.0,bottom
C66,330.703,-233.44,270.0,bottom
C67,349.753,-233.44,270.0,bottom
C68,368.803,-233.44,270.0,bottom
C69,394.99675,-233.44,270.0,bottom
C7,278.3155,-152.4775,270.0,bottom
C70,425.953,-238.2025,270.0,bottom
C71,449.7655,-214.39,270.0,bottom
C72,449.7655,-233.44,270.0,bottom
C73,156.87175,-252.49,270.0,bottom
C74,180.68425,-252.49,270.0,bottom
C75,204.49675,-252.49,270.0,bottom
C76,275.93425,-252.49,270.0,bottom
C77,344.9905,-252.49,270.0,bottom
C78,364.0405,-252.49,270.0,bottom
C79,383.0905,-252.49,270.0,bottom
C8,297.3655,-152.4775,270.0,bottom
C80,406.903,-257.2525,270.0,bottom
C81,425.953,-257.2525,270.0,bottom
C82,445.003,-257.2525,270.0,bottom
C83,439.56,-174.4472,0.0,top
C84,435.9024,-176.898,90.0,top
C86,438.404,-155.3334,90.0,top
C87,446.0364,-150.114,180.0,top
C88,445.8078,-156.8704,0.0,top
C9,316.4155,-152.4775,270.0,bottom
C91,445.8338,-155.2194,0.0,top
C92,434.5048,-164.9222,180.0,top
C94,444.1444,-162.2682,90.0,top
C95,444.64,-159.8422,180.0,top
C97,430.895,-168.96,180.0,top
C98,445.8084,-158.3436,0.0,top
D1,164.5705,-151.4775,90.0,bottom
D10,350.308,-151.4775,90.0,bottom
D11,369.358,-151.4775,90.0,bottom
D12,388.408,-151.4775,90.0,bottom
D13,407.458,-151.4775,90.0,bottom
D14,431.2705,-151.4775,90.0,bottom
D15,164.5705,-175.29,90.0,bottom
D16,183.6205,-175.29,90.0,bottom
D17,202.6705,-175.29,90.0,bottom
D18,221.7205,-175.29,90.0,bottom
D19,240.7705,-175.29,90.0,bottom
D2,188.383,-151.4775,90.0,bottom
D20,259.8205,-175.29,90.0,bottom
D21,278.8705,-175.29,90.0,bottom
D22,297.9205,-175.29,90.0,bottom
D23,316.9705,-175.29,90.0,bottom
D24,336.0205,-175.29,90.0,bottom
D25,355.0705,-175.29,90.0,bottom
D26,374.1205,-175.29,90.0,bottom
D27,393.1705,-175.29,90.0,bottom
D28,421.7455,-175.29,90.0,bottom
D29,459.8455,-175.29,90.0,bottom
D3,207.433,-151.4775,90.0,bottom
D30,169.333,-194.34,90.0,bottom
D31,193.1455,-194.34,90.0,bottom
D32,212.1955,-194.34,90.0,bottom
D33,231.2455,-194.34,90.0,bottom
D34,250.2955,-194.34,90.0,bottom
D35,269.3455,-194.34,90.0,bottom
D36,288.3955,-194.34,90.0,bottom
D37,307.4455,-194.34,90.0,bottom
D38,326.4955,-194.34,90.0,bottom
D39,345.5455,-194.34,90.0,bottom
D4,226.483,-151.4775,90.0,bottom
D40,364.5955,-194.34,90.0,bottom
D41,383.6455,-194.34,90.0,bottom
D42,402.6955,-194.34,90.0,bottom
D43,426.508,-194.34,90.0,bottom
D44,459.8455,-194.34,90.0,bottom
D45,171.71425,-213.39,90.0,bottom
D46,197.908,-213.39,90.0,bottom
D47,216.958,-213.39,90.0,bottom
D48,236.008,-213.39,90.0,bottom
D49,255.058,-213.39,90.0,bottom
D5,245.533,-151.4775,90.0,bottom
D50,274.108,-213.39,90.0,bottom
D51,293.158,-213.39,90.0,bottom
D52,312.208,-213.39,90.0,bottom
D53,331.258,-213.39,90.0,bottom
D54,350.308,-213.39,90.0,bottom
D55,369.358,-213.39,90.0,bottom
D56,388.408,-213.39,90.0,bottom
D57,419.36425,-213.39,90.0,bottom
D58,459.8455,-213.39,90.0,bottom
D59,176.47675,-232.44,90.0,bottom
D6,269.3455,-151.4775,90.0,bottom
D60,207.433,-232.44,90.0,bottom
D61,226.483,-232.44,90.0,bottom
D62,245.533,-232.44,90.0,bottom
D63,264.583,-232.44,90.0,bottom
D64,283.633,-232.44,90.0,bottom
D65,302.683,-232.44,90.0,bottom
D66,321.733,-232.44,90.0,bottom
D67,340.783,-232.44,90.0,bottom
D68,359.833,-232.44,90.0,bottom
D69,378.883,-232.44,90.0,bottom
D7,288.3955,-151.4775,90.0,bottom
D70,405.07675,-232.44,90.0,bottom
D71,436.033,-237.2025,90.0,bottom
D72,459.8455,-232.44,90.0,bottom
D73,166.95175,-251.49,90.0,bottom
D74,190.76425,-251.49,90.0,bottom
D75,214.57675,-251.49,90.0,bottom
D76,286.01425,-251.49,90.0,bottom
D77,355.0705,-251.49,90.0,bottom
D78,374.1205,-251.49,90.0,bottom
D79,393.1705,-251.49,90.0,bottom
D8,307.4455,-151.4775,90.0,bottom
D80,416.983,-256.2525,90.0,bottom
D81,436.033,-256.2525,90.0,bottom
D82,455.083,-256.2525,90.0,bottom
D83,450.7505,-157.93,0.0,bottom
D9,326.4955,-151.4775,90.0,bottom
J1,441.8022,-140.2422,180.0,top
LED1,159.4905,-152.557499,0.0,top
LED10,345.228,-152.557499,0.0,top
LED11,364.278,-152.557499,0.0,top
LED12,383.328,-152.557499,0.0,top
LED13,402.378,-152.557499,0.0,top
LED14,426.1905,-152.557499,0.0,top
LED15,159.4905,-176.369999,0.0,top
LED16,178.5405,-176.369999,0.0,top
LED17,197.5905,-176.369999,0.0,top
LED18,216.6405,-176.369999,0.0,top
LED19,235.6905,-176.369999,0.0,top
LED2,183.303,-152.557499,0.0,top
LED20,254.7405,-176.369999,0.0,top
LED21,273.7905,-176.369999,0.0,top
LED22,292.8405,-176.369999,0.0,top
LED23,311.8905,-176.369999,0.0,top
LED24,330.9405,-176.369999,0.0,top
LED25,349.9905,-176.369999,0.0,top
LED26,369.0405,-176.369999,0.0,top
LED27,388.0905,-176.369999,0.0,top
LED28,416.6655,-176.369999,0.0,top
LED29,454.7655,-176.369999,0.0,top
LED3,202.353,-152.557499,0.0,top
LED30,164.253,-195.419999,0.0,top
LED31,188.0655,-195.419999,0.0,top
LED32,207.1155,-195.419999,0.0,top
LED33,226.1655,-195.419999,0.0,top
LED34,245.2155,-195.419999,0.0,top
LED35,264.2655,-195.419999,0.0,top
LED36,283.3155,-195.419999,0.0,top
LED37,302.3655,-195.419999,0.0,top
LED38,321.4155,-195.419999,0.0,top
LED39,340.4655,-195.419999,0.0,top
LED4,221.403,-152.557499,0.0,top
LED40,359.5155,-195.419999,0.0,top
LED41,378.5655,-195.419999,0.0,top
LED42,397.6155,-195.419999,0.0,top
LED43,421.428,-195.419999,0.0,top
LED44,454.7655,-195.419999,0.0,top
LED45,166.63425,-214.469999,0.0,top
LED46,192.828,-214.469999,0.0,top
LED47,211.878,-214.469999,0.0,top
LED48,230.928,-214.469999,0.0,top
LED49,249.978,-214.469999,0.0,top
LED5,240.453,-152.557499,0.0,top
LED50,269.028,-214.469999,0.0,top
LED51,288.078,-214.469999,0.0,top
LED52,307.128,-214.469999,0.0,top
LED53,326.178,-214.469999,0.0,top
LED54,345.228,-214.469999,0.0,top
LED55,364.278,-214.469999,0.0,top
LED56,383.328,-214.469999,0.0,top
LED57,414.28425,-214.469999,0.0,top
LED58,454.7655,-214.469999,0.0,top
LED59,171.39675,-233.519999,0.0,top
LED6,264.2655,-152.557499,0.0,top
LED60,202.353,-233.519999,0.0,top
LED61,221.403,-233.519999,0.0,top
LED62,240.453,-233.519999,0.0,top
LED63,259.503,-233.519999,0.0,top
LED64,278.553,-233.519999,0.0,top
LED65,297.603,-233.519999,0.0,top
LED66,316.653,-233.519999,0.0,top
LED67,335.703,-233.519999,0.0,top
LED68,354.753,-233.519999,0.0,top
LED69,373.803,-233.519999,0.0,top
LED7,283.3155,-152.557499,0.0,top
LED70,399.99675,-233.519999,0.0,top
LED71,430.953,-238.282499,0.0,top
LED72,454.7655,-233.519999,0.0,top
LED73,161.87175,-252.569999,0.0,top
LED74,185.68425,-252.569999,0.0,top
LED75,209.49675,-252.569999,0.0,top
LED76,280.93425,-252.569999,0.0,top
LED77,349.9905,-252.569999,0.0,top
LED78,369.0405,-252.569999,0.0,top
LED79,388.0905,-252.569999,0.0,top
LED8,302.3655,-152.557499,0.0,top
LED80,411.903,-257.332499,0.0,top
LED81,430.953,-257.332499,0.0,top
LED82,450.003,-257.332499,0.0,top
LED9,321.4155,-152.557499,0.0,top
R14,442.5696,-173.5198,270.0,top
R3,444.0174,-146.9014,270.0,top
R4,439.67,-146.995,270.0,top
R5,436.4874,-174.4218,0.0,top
R6,433.9976,-157.9118,180.0,top
R7,437.678,-157.7206,0.0,top
R8,440.69,-161.0492,270.0,top
R9,442.2394,-161.0746,270.0,top
SW1,159.4905,-147.4775,0.0,top
SW10,345.228,-147.4775,0.0,top
SW11,364.278,-147.4775,0.0,top
SW12,383.328,-147.4775,0.0,top
SW13,402.378,-147.4775,0.0,top
SW14,426.1905,-147.4775,0.0,top
SW15,159.4905,-171.29,0.0,top
SW16,178.5405,-171.29,0.0,top
SW17,197.5905,-171.29,0.0,top
SW18,216.6405,-171.29,0.0,top
SW19,235.6905,-171.29,0.0,top
SW2,183.303,-147.4775,0.0,top
SW20,254.7405,-171.29,0.0,top
SW21,273.7905,-171.29,0.0,top
SW22,292.8405,-171.29,0.0,top
SW23,311.8905,-171.29,0.0,top
SW24,330.9405,-171.29,0.0,top
SW25,349.9905,-171.29,0.0,top
SW26,369.0405,-171.29,0.0,top
SW27,388.0905,-171.29,0.0,top
SW28,416.6655,-171.29,0.0,top
SW29,454.7655,-171.29,0.0,top
SW3,202.353,-147.4775,0.0,top
SW30,164.253,-190.34,0.0,top
SW31,188.0655,-190.34,0.0,top
SW32,207.1155,-190.34,0.0,top
SW33,226.1655,-190.34,0.0,top
SW34,245.2155,-190.34,0.0,top
SW35,264.2655,-190.34,0.0,top
SW36,283.3155,-190.34,0.0,top
SW37,302.3655,-190.34,0.0,top
SW38,321.4155,-190.34,0.0,top
SW39,340.4655,-190.34,0.0,top
SW4,221.403,-147.4775,0.0,top
SW40,359.5155,-190.34,0.0,top
SW41,378.5655,-190.34,0.0,top
SW42,397.6155,-190.34,0.0,top
SW43,421.428,-190.34,0.0,top
SW44,454.7655,-190.34,0.0,top
SW45,166.63425,-209.39,0.0,top
SW46,192.828,-209.39,0.0,top
SW47,211.878,-209.39,0.0,top
SW48,230.928,-209.39,0.0,top
SW49,249.978,-209.39,0.0,top
SW5,240.453,-147.4775,0.0,top
SW50,269.028,-209.39,0.0,top
SW51,288.078,-209.39,0.0,top
SW52,307.128,-209.39,0.0,top
SW53,326.178,-209.39,0.0,top
SW54,345.228,-209.39,0.0,top
SW55,364.278,-209.39,0.0,top
SW56,383.328,-209.39,0.0,top
SW57,414.28425,-209.39,0.0,top
SW58,454.7655,-209.39,0.0,top
SW59,171.39675,-228.44,0.0,top
SW6,264.2655,-147.4775,0.0,top
SW60,202.353,-228.44,0.0,top
SW61,221.403,-228.44,0.0,top
SW62,240.453,-228.44,0.0,top
SW63,259.503,-228.44,0.0,top
SW64,278.553,-228.44,0.0,top
SW65,297.603,-228.44,0.0,top
SW66,316.653,-228.44,0.0,top
SW67,335.703,-228.44,0.0,top
SW68,354.753,-228.44,0.0,top
SW69,373.803,-228.44,0.0,top
SW7,283.3155,-147.4775,0.0,top
SW70,399.99675,-228.44,0.0,top
SW71,430.953,-233.2025,0.0,top
SW72,454.7655,-228.44,0.0,top
SW73,161.87175,-247.49,0.0,top
SW74,185.68425,-247.49,0.0,top
SW75,209.49675,-247.49,0.0,top
SW76,280.93425,-247.49,0.0,top
SW77,349.9905,-247.49,0.0,top
SW78,369.0405,-247.49,0.0,top
SW79,388.0905,-247.49,0.0,top
SW8,302.3655,-147.4775,0.0,top
SW80,411.903,-252.2525,0.0,top
SW81,430.953,-252.2525,0.0,top
SW82,450.003,-252.2525,0.0,top
SW83,456.879982,-146.935026,0.0,top
SW84,429.3952,-159.0802,0.0,top
SW85,442.8744,-177.9188,90.0,top
SW9,321.4155,-147.4775,0.0,top
U1,440.3216,-167.6528,90.0,top
U2,446.1002,-152.7048,180.0,top
U4,436.9588,-160.2352,0.0,top
Y1,438.8234,-177.038,0.0,top
